highway,count,OSM Definition,No. Checked,OSM Categories,New Categories,Description,Error Notes
footway,16725,The tag highway=footway is used for mapping minor pathways which are used mainly or exclusively by pedestrians.,20,Paths,Small path,Very small paths,
service,3276,"The highway=service tag denotes ways used for vehicle access to a building, parking lot, service station, business estate, beach, campsite, etc.",20,Roads,No Path,No marked path in OSM,
path,2794,"highway=path indicates a generic path. The tag was envisaged as a bottom building block to supersede the tags highway=footway, highway=cycleway and highway=bridleway by means of specifying intended usage via *=designated attributes. Without additional tags, highway=path is a way that people use to move around, possibly in a small vehicle or using an animal, but not in a car. All further information is in additional tags.",20,Paths,Small path,Very small paths,
residential,1352,"The highway=residential tag is used on roads within residential areas, or providing access to them. While these roads typically allow through traffic, they are not normally used as through routes.",20,Roads,Small Road,Small local roads (cars can drive),
cycleway,1293,The highway=cycleway tag indicates a separate way for the use of cyclists.,20,Special Lanes,Small path,Very similar to footway?,
unclassified,1143,"highway=unclassified is used for minor public roads, typically at the lowest level of administrative hierarchy in that jurisdiction.",20,Roads,Small Road,Very similar to residential,7 incorrect (not too bad other than 2 indoor)
tertiary,892,"The highway=tertiary tag is used for roads connecting smaller settlements, and within large settlements for roads connecting local centres.",10,Roads,Small Road,Very similar to residential,
pedestrian,831,"A highway=pedestrian is a road or area designated mainly or exclusively for pedestrians. Often found in shopping areas, town centres, places with tourism attractions and recreation/civic areas, where wide expanses of hard surface are provided for pedestrians to walk. It also may be found in residential communities designed to be navigated primarily by foot. Vehicle traffic is generally restricted, with possible exceptions for essential services, including ambulances, firefighters, delivery services and taxis.",10,Special,Small Road,Very similar to residential and service,Also overlaps with service
track,603,"The tag highway=track is used for minor land-access roads that are mostly used for agriculture, forestry, outdoor recreation, and similar activities on open land.",10,Special,Small path,Similar to footway and path,
secondary,411,"highway=secondary to tag highways which are not part of major routes, but nevertheless form a link in the national route network.",10,Roads,Urban Road,Urban roads,1 incorrect due to geotag
primary,406,"Use highway=primary to tag a major highway linking large towns, but which does not satisfy the performance requirements of a motorway and does not qualify to be trunk.",10,Roads,Urban Road,Urban roads,1 incorrect due to nearby road
bridleway,232,"A way intended for use by horse riders (primarily) and pedestrians (depending on country-specific regulations). They may be legally designated as rights of way for pedestrians and equestrians (horses), but need not be.",10,Paths,Rural,Very rural,
steps,216,For flights of steps on footways and paths.,10,Paths,Special Road,Steps,4 incorrect or difficult to see steps
trunk,150,"Use highway=trunk for high-performance or high-importance roads that don't meet the requirements for motorway, but are not classified as primary either",10,Roads,Urban Road,Urban roads,3 incorrect due to graveyard locations next to main roads
corridor,11,,,Paths,Special Road,,
living_street,5,,,Special,Special Road,,
motorway,4,,,Roads,Urban Road,,
secondary_link,3,,,Link Roads,Urban Road,,
construction,2,,,Special,Special Road,,
raceway,1,,,Special,Special Road,,
motorway_link,1,,,Link Roads,Urban Road,,
no,1,,,,Special Road,,
busway,1,,,Special,Urban Road,,
Totals,30353,,200,,,,